<?xml version="1.0" encoding="UTF-8" standalone="no"?>
<extension version="3.4" type="module" client="site" method="upgrade">
    <name>mod_gantry5_particle</name>
    <version>dev-4a557f9f4</version>
    <creationDate>October 19, 2020</creationDate>
    <author>RocketTheme, LLC</author>
    <authorEmail>support@rockettheme.com</authorEmail>
    <authorUrl>http://www.rockettheme.com</authorUrl>
    <copyright>(C) 2005 - 2019 RocketTheme, LLC. All rights reserved.</copyright>
    <license>http://www.gnu.org/licenses/gpl-2.0.html GNU/GPLv2</license>
    <description>MOD_GANTRY5_PARTICLE_DESCRIPTION</description>

    <files>
        <filename module="mod_gantry5_particle">mod_gantry5_particle.php</filename>
        <filename>helper.php</filename>
        <folder>language</folder>
    </files>
    <config>
        <fields name="params">
            <fieldset name="basic" addfieldpath="/components/com_gantry5/fields">
                <field
                        name="particle"
                        type="particle"
                        filter="raw"
                        label="MOD_GANTRY5_PARTICLE_FIELD_PARTICLE_LABEL"
                        description="MOD_GANTRY5_PARTICLE_FIELD_PARTICLE_DESC" />
            </fieldset>

            <fieldset name="advanced">
                <field
                    name="moduleclass_sfx"
                    type="text"
                    label="COM_MODULES_FIELD_MODULECLASS_SFX_LABEL"
                    description="COM_MODULES_FIELD_MODULECLASS_SFX_DESC" />

                <field
                        name="owncache"
                        type="list"
                        label="COM_MODULES_FIELD_CACHING_LABEL"
                        description="COM_MODULES_FIELD_CACHING_DESC"
                        default="0"
                >
                    <option value="1">JGLOBAL_USE_GLOBAL</option>
                    <option value="0">COM_MODULES_FIELD_VALUE_NOCACHING</option>
                </field>

                <field
                        name="cache_time"
                        type="text"
                        default="900"
                        label="COM_MODULES_FIELD_CACHE_TIME_LABEL"
                        description="COM_MODULES_FIELD_CACHE_TIME_DESC" />
            </fieldset>
        </fields>
    </config>
</extension>
